path,size_bytes,sha256
common_carp/01_hero.png,2486577,869d02165ae82840ce15cdd5bb9fea92c1eff229cd524213f3b1e530c3f3bcc9
common_carp/02_identification.png,2580454,29adfc93b7d664f0f0f713d789332fa7d44d9f395082d2540da22d62946452e1
common_carp/03_ecology.png,2634826,7c38ea23fbb1746de1a7c80b85be15e60268636f0b8f220f0e4b8d680e666f79
common_carp/04_gear.png,2526839,37c17d52e03945e11def238a01c21df408243bbe29ff32f797c7f0008cc6fc14
common_carp/05_skill.png,2641596,2e51fd0c24a60edd03bb60be78265a36fc7f2fdab28843960cb081d9abf38b3a
crucian_carp/01_hero.png,2135097,24cf6f670ab440bbdc0f00f06226d31b8abf6961c04f1e670f8b2d2528677dc2
crucian_carp/02_identification.png,2267853,4153cf6545ad9a3508b318b2223f5473c434ceebc30ffb419f3b5a292071c530
crucian_carp/03_ecology.png,2275104,7bdc5d78e0bb98726f15128b4daa6f67464f8491b1abaa07d6d8b35ab259b773
crucian_carp/04_gear.png,2291250,77beed26fc74039cddfb9f453e725226787e883b0a50bcf0e14b64f5de663242
crucian_carp/05_skill.png,2347874,f63cc8b2baaa91c88284ef564a833d19236411b0e1e51e862cabb81276560175
grass_carp/01_hero.png,2541571,0294355090d94232709800c86b8d592bf99f172bebeaa62f976ccad81cd432d3
grass_carp/02_identification.png,2242847,523f9107e7b9779262833ae6fa8ba30c7183cd7c32f927605eb6fb4cda94d98d
grass_carp/03_ecology.png,2327796,986b1b4aa25db17abe29cb77f24776f91639c88340cbaed4792e9d16f5230fd5
grass_carp/04_gear.png,2176909,4aee30da98bf3d8c69342262ac3c7ebb17a7b60f46a2aa8b7f0a929ab384e04f
grass_carp/05_skill.png,2404016,b7e7066e6863351bc4e9bb415b5979a701a8a716d0602c34e902db3c04464bb5
sharpbelly/01_hero.png,2377761,f9005136225e4352d118c42b6cad68cbf31361dfe0dc8d15bf27f6f689d767a5
sharpbelly/02_identification.png,2313894,ba2443de9700a4bb1642bf0781e8d25ad83f0112881c7edac90ddd1971fccc73
sharpbelly/03_ecology.png,2472409,cd0d5903934c02a5845204131eec442194111d9c844217d6db56b89fc0bf0f71
sharpbelly/04_gear.png,2088263,3a23874fe1d3b98af313df89d4ea8601473029d03f194ba7e3ddc4ed9b955040
sharpbelly/05_skill.png,2388108,0897110f9d5123dec565a81bde498ec7c70faf24dbb7170dd35b04b4ac4005be
snakehead/01_hero.png,2488147,f1a79568f3e3e8fd1ed43f472649341c3ea3764c3afdfb1ac0ad184b888bb97f
snakehead/02_identification.png,2328837,194f5f2822ab82cd41b109c32276ce543a47132c6e31d3f40dca5effdb4cf296
snakehead/03_ecology.png,2311812,be40e8ef610f3389950870d40c62a66fbd01babbd91cbd3be8c12b4c445d2bee
snakehead/04_gear.png,2423461,a71d1f8eab9f6fbacf103f0135f5737ceea2cd4430da8eb64f7170d0241caef7
snakehead/05_skill.png,2781206,a6af035c8497b274209f46cc8bdb1f39ca9ecb40221e2c0281799e9960cf1bd2
topmouth_culter/01_hero.png,2370107,77792fc46f1260dae4de7e36636688e2e312fed7d125216aadae0073fef131ea
topmouth_culter/02_identification.png,2221832,c33b615778c571b031bc85ece2400da1341da0a785e73ac61d11e0bc84c7c448
topmouth_culter/03_ecology.png,2445105,144945f7b42c7af16591136c54f48d917c3f4b42ea6f7000f36b7c40c7fc28fc
topmouth_culter/04_gear.png,2244096,5a0d5fb5591a116874abb7cfdde2e50adeb2e5a1bc1a707e75b74e5fd41d0652
topmouth_culter/05_skill.png,2467619,8cf256eb37bc55719097726f649b6b414b6873b53ed4b1027671a26b60be2a17

